# Table de partitions d'origine de la BTT K-Touch, relevée dans
# K-Touch_v1.1.0_partition.bin. Elle n'est PAS reprogrammée sur l'appareil :
# elle informe la compilation de la taille maximale de l'application.
# Nom,      Type, SousType, Offset,    Taille
nvs,        data, nvs,      0x9000,    0x5000
otadata,    data, ota,      0xe000,    0x2000
app0,       app,  ota_0,    0x10000,   0x480000
app1,       app,  ota_1,    0x490000,  0x480000
spiffs,     data, spiffs,   0x910000,  0x6e0000
coredump,   data, coredump, 0xff0000,  0x10000
